gregory.pelletey;0679976491;qsdqsd;3;qsdqsd
gregory.pelletey;0679976491;qsdqsd;3;qsdqsd
gregory.pelletey;qsdqsd;qsdqsd;2;qsdqsdqsd
gregory.pelletey;qsdqsd;qsdqsd;2;qsdqsdqsd
gregory.pelletey;0679976491;qsdqsdqsd qsdjhgqhjsdjqsd75011 PARIS;3;qsdqsdqsd
gregory.pelletey;0679976491;qsdqsdqsd qsdjhgqhjsdjqsd75011 PARIS;3;qsdqsdqsd
gregory.pelletey;0679976491;qsdqsdqsdqs7 qsdgjhqsd75011 PARIS;3;qsdqsqsd
gregory.pelletey;0679976491;qsdqsdqsdqs7 qsdgjhqsd75011 PARIS;3;qsdqsqsd
PELLETEY;0679979797;7 avenue de taillebourg75011 PARIS;Je ne compte plus ...;qsdqsdqsd
gregory.pelletey;0679976491;qsdqsd;2;qsdqsddqs
gregory.pelletey;0679976491;qsdqsd;2;qsdqsd
gregory.pelletey;qsdqsd;qsdqsd;3;qsdqsd
